CREATE EXTENSION IF NOT EXISTS postgis;
CREATE EXTENSION IF NOT EXISTS pgrouting;
CREATE TABLE IF NOT EXISTS bibliometros (estacion TEXT NOT NULL, ubicacion TEXT, tipo TEXT, linea TEXT NOT NULL, PRIMARY KEY (estacion, linea));
INSERT INTO bibliometros (estacion, linea, ubicacion, tipo) VALUES ('bellavista', 'L5', 'fuera', 'kiosco');
INSERT INTO bibliometros (estacion, linea, ubicacion, tipo) VALUES ('irarrazaval', 'L3', 'fuera', 'kiosco');
INSERT INTO bibliometros (estacion, linea, ubicacion, tipo) VALUES ('irarrazaval', 'L5', 'fuera', 'kiosco');
INSERT INTO bibliometros (estacion, linea, ubicacion, tipo) VALUES ('san_pablo', 'L2', 'dentro', 'kiosco');
INSERT INTO bibliometros (estacion, linea, ubicacion, tipo) VALUES ('san_pablo', 'L5', 'dentro', 'kiosco');
INSERT INTO bibliometros (estacion, linea, ubicacion, tipo) VALUES ('plaza_de_armas', 'L3', 'fuera', 'kiosco');
INSERT INTO bibliometros (estacion, linea, ubicacion, tipo) VALUES ('plaza_de_armas', 'L5', 'fuera', 'kiosco');
INSERT INTO bibliometros (estacion, linea, ubicacion, tipo) VALUES ('quinta_normal', 'L5', 'fuera', 'kiosco');
INSERT INTO bibliometros (estacion, linea, ubicacion, tipo) VALUES ('la_cisterna', 'L2', 'fuera', 'kiosco');
INSERT INTO bibliometros (estacion, linea, ubicacion, tipo) VALUES ('la_cisterna', 'L4A', 'fuera', 'kiosco');
INSERT INTO bibliometros (estacion, linea, ubicacion, tipo) VALUES ('escuela_militar', 'L1', 'fuera', 'kiosco');
INSERT INTO bibliometros (estacion, linea, ubicacion, tipo) VALUES ('franklin', 'L2', 'dentro', 'kiosco');
INSERT INTO bibliometros (estacion, linea, ubicacion, tipo) VALUES ('franklin', 'L6', 'dentro', 'kiosco');
INSERT INTO bibliometros (estacion, linea, ubicacion, tipo) VALUES ('puente_alto', 'L4', 'fuera', 'kiosco');
INSERT INTO bibliometros (estacion, linea, ubicacion, tipo) VALUES ('tobalaba', 'L1', 'fuera', 'kiosco');
INSERT INTO bibliometros (estacion, linea, ubicacion, tipo) VALUES ('tobalaba', 'L4', 'fuera', 'kiosco');
INSERT INTO bibliometros (estacion, linea, ubicacion, tipo) VALUES ('vespucio_norte', 'L2', 'fuera', 'kiosco');
INSERT INTO bibliometros (estacion, linea, ubicacion, tipo) VALUES ('los_heroes', 'L1', 'dentro', 'kiosco');
INSERT INTO bibliometros (estacion, linea, ubicacion, tipo) VALUES ('los_heroes', 'L2', 'dentro', 'kiosco');
INSERT INTO bibliometros (estacion, linea, ubicacion, tipo) VALUES ('macul', 'L4', 'dentro', 'kiosco');
INSERT INTO bibliometros (estacion, linea, ubicacion, tipo) VALUES ('pajaritos', 'L1', 'dentro', 'kiosco');
INSERT INTO bibliometros (estacion, linea, ubicacion, tipo) VALUES ('baquedano', 'L1', 'dentro', 'kiosco');
INSERT INTO bibliometros (estacion, linea, ubicacion, tipo) VALUES ('baquedano', 'L5', 'dentro', 'kiosco');
INSERT INTO bibliometros (estacion, linea, ubicacion, tipo) VALUES ('los_dominicos', 'L1', 'fuera', 'kiosco');
INSERT INTO bibliometros (estacion, linea, ubicacion, tipo) VALUES ('ciudad_del_nino', 'L2', 'fuera', 'kiosco');
INSERT INTO bibliometros (estacion, linea, ubicacion, tipo) VALUES ('plaza_egana', 'L3', 'dentro', 'kiosco');
INSERT INTO bibliometros (estacion, linea, ubicacion, tipo) VALUES ('plaza_egana', 'L4', 'dentro', 'kiosco');
INSERT INTO bibliometros (estacion, linea, ubicacion, tipo) VALUES ('maipu', 'L5', 'fuera', 'kiosco');
INSERT INTO bibliometros (estacion, linea, ubicacion, tipo) VALUES ('cerrillos', 'L6', 'fuera', 'expendedor');
INSERT INTO bibliometros (estacion, linea, ubicacion, tipo) VALUES ('lo_valledor', 'L6', 'fuera', 'expendedor');
INSERT INTO bibliometros (estacion, linea, ubicacion, tipo) VALUES ('nunoa', 'L3', 'dentro', 'expendedor');
INSERT INTO bibliometros (estacion, linea, ubicacion, tipo) VALUES ('nunoa', 'L6', 'dentro', 'expendedor');
INSERT INTO bibliometros (estacion, linea, ubicacion, tipo) VALUES ('ines_de_suarez', 'L6', 'fuera', 'expendedor');
CREATE TABLE IF NOT EXISTS conexiones (estacion_origen TEXT NOT NULL, estacion_destino TEXT, estado INTEGER NOT NULL, PRIMARY KEY (estacion_origen, estacion_destino));
INSERT INTO conexiones (estacion_origen, estacion_destino, estado) VALUES ('san pablo', 'neptuno', 0) ON CONFLICT (estacion_origen, estacion_destino) DO NOTHING;
INSERT INTO conexiones (estacion_origen, estacion_destino, estado) VALUES ('neptuno', 'pajaritos', 0) ON CONFLICT (estacion_origen, estacion_destino) DO NOTHING;
INSERT INTO conexiones (estacion_origen, estacion_destino, estado) VALUES ('pajaritos', 'las rejas', 0) ON CONFLICT (estacion_origen, estacion_destino) DO NOTHING;
INSERT INTO conexiones (estacion_origen, estacion_destino, estado) VALUES ('las rejas', 'ecuador', 0) ON CONFLICT (estacion_origen, estacion_destino) DO NOTHING;
INSERT INTO conexiones (estacion_origen, estacion_destino, estado) VALUES ('ecuador', 'san alberto hurtado', 0) ON CONFLICT (estacion_origen, estacion_destino) DO NOTHING;
INSERT INTO conexiones (estacion_origen, estacion_destino, estado) VALUES ('san alberto hurtado', 'universidad de santiago', 0) ON CONFLICT (estacion_origen, estacion_destino) DO NOTHING;
INSERT INTO conexiones (estacion_origen, estacion_destino, estado) VALUES ('universidad de santiago', 'estacion central', 0) ON CONFLICT (estacion_origen, estacion_destino) DO NOTHING;
INSERT INTO conexiones (estacion_origen, estacion_destino, estado) VALUES ('estacion central', 'ula', 0) ON CONFLICT (estacion_origen, estacion_destino) DO NOTHING;
INSERT INTO conexiones (estacion_origen, estacion_destino, estado) VALUES ('ula', 'republica', 0) ON CONFLICT (estacion_origen, estacion_destino) DO NOTHING;
INSERT INTO conexiones (estacion_origen, estacion_destino, estado) VALUES ('republica', 'los heroes', 0) ON CONFLICT (estacion_origen, estacion_destino) DO NOTHING;
INSERT INTO conexiones (estacion_origen, estacion_destino, estado) VALUES ('los heroes', 'la moneda', 0) ON CONFLICT (estacion_origen, estacion_destino) DO NOTHING;
INSERT INTO conexiones (estacion_origen, estacion_destino, estado) VALUES ('la moneda', 'universidad de chile', 0) ON CONFLICT (estacion_origen, estacion_destino) DO NOTHING;
INSERT INTO conexiones (estacion_origen, estacion_destino, estado) VALUES ('universidad de chile', 'santa lucia', 0) ON CONFLICT (estacion_origen, estacion_destino) DO NOTHING;
INSERT INTO conexiones (estacion_origen, estacion_destino, estado) VALUES ('santa lucia', 'universidad catolica', 0) ON CONFLICT (estacion_origen, estacion_destino) DO NOTHING;
INSERT INTO conexiones (estacion_origen, estacion_destino, estado) VALUES ('universidad catolica', 'baquedano', 0) ON CONFLICT (estacion_origen, estacion_destino) DO NOTHING;
INSERT INTO conexiones (estacion_origen, estacion_destino, estado) VALUES ('baquedano', 'salvador', 0) ON CONFLICT (estacion_origen, estacion_destino) DO NOTHING;
INSERT INTO conexiones (estacion_origen, estacion_destino, estado) VALUES ('salvador', 'manuel montt', 0) ON CONFLICT (estacion_origen, estacion_destino) DO NOTHING;
INSERT INTO conexiones (estacion_origen, estacion_destino, estado) VALUES ('manuel montt', 'pedro de valdivia', 0) ON CONFLICT (estacion_origen, estacion_destino) DO NOTHING;
INSERT INTO conexiones (estacion_origen, estacion_destino, estado) VALUES ('pedro de valdivia', 'los leones', 0) ON CONFLICT (estacion_origen, estacion_destino) DO NOTHING;
INSERT INTO conexiones (estacion_origen, estacion_destino, estado) VALUES ('los leones', 'tobalaba', 0) ON CONFLICT (estacion_origen, estacion_destino) DO NOTHING;
INSERT INTO conexiones (estacion_origen, estacion_destino, estado) VALUES ('tobalaba', 'el golf', 0) ON CONFLICT (estacion_origen, estacion_destino) DO NOTHING;
INSERT INTO conexiones (estacion_origen, estacion_destino, estado) VALUES ('el golf', 'alcantara', 0) ON CONFLICT (estacion_origen, estacion_destino) DO NOTHING;
INSERT INTO conexiones (estacion_origen, estacion_destino, estado) VALUES ('alcantara', 'escuela militar', 0) ON CONFLICT (estacion_origen, estacion_destino) DO NOTHING;
INSERT INTO conexiones (estacion_origen, estacion_destino, estado) VALUES ('escuela militar', 'manquehue', 0) ON CONFLICT (estacion_origen, estacion_destino) DO NOTHING;
INSERT INTO conexiones (estacion_origen, estacion_destino, estado) VALUES ('manquehue', 'hernando de magallanes', 0) ON CONFLICT (estacion_origen, estacion_destino) DO NOTHING;
INSERT INTO conexiones (estacion_origen, estacion_destino, estado) VALUES ('hernando de magallanes', 'los dominicos', 0) ON CONFLICT (estacion_origen, estacion_destino) DO NOTHING;
INSERT INTO conexiones (estacion_origen, estacion_destino, estado) VALUES ('los dominicos', 'None', 0) ON CONFLICT (estacion_origen, estacion_destino) DO NOTHING;
INSERT INTO conexiones (estacion_origen, estacion_destino, estado) VALUES ('vespucio norte', 'zapadores', 0) ON CONFLICT (estacion_origen, estacion_destino) DO NOTHING;
INSERT INTO conexiones (estacion_origen, estacion_destino, estado) VALUES ('zapadores', 'dorsal', 0) ON CONFLICT (estacion_origen, estacion_destino) DO NOTHING;
INSERT INTO conexiones (estacion_origen, estacion_destino, estado) VALUES ('dorsal', 'einstein', 0) ON CONFLICT (estacion_origen, estacion_destino) DO NOTHING;
INSERT INTO conexiones (estacion_origen, estacion_destino, estado) VALUES ('einstein', 'cementerios', 0) ON CONFLICT (estacion_origen, estacion_destino) DO NOTHING;
INSERT INTO conexiones (estacion_origen, estacion_destino, estado) VALUES ('cementerios', 'cerro blanco', 0) ON CONFLICT (estacion_origen, estacion_destino) DO NOTHING;
INSERT INTO conexiones (estacion_origen, estacion_destino, estado) VALUES ('cerro blanco', 'patronato', 0) ON CONFLICT (estacion_origen, estacion_destino) DO NOTHING;
INSERT INTO conexiones (estacion_origen, estacion_destino, estado) VALUES ('patronato', 'puente cal y canto', 0) ON CONFLICT (estacion_origen, estacion_destino) DO NOTHING;
INSERT INTO conexiones (estacion_origen, estacion_destino, estado) VALUES ('puente cal y canto', 'santa ana', 0) ON CONFLICT (estacion_origen, estacion_destino) DO NOTHING;
INSERT INTO conexiones (estacion_origen, estacion_destino, estado) VALUES ('santa ana', 'los heroes', 0) ON CONFLICT (estacion_origen, estacion_destino) DO NOTHING;
INSERT INTO conexiones (estacion_origen, estacion_destino, estado) VALUES ('los heroes', 'toesca', 0) ON CONFLICT (estacion_origen, estacion_destino) DO NOTHING;
INSERT INTO conexiones (estacion_origen, estacion_destino, estado) VALUES ('toesca', 'parque ohiggins', 0) ON CONFLICT (estacion_origen, estacion_destino) DO NOTHING;
INSERT INTO conexiones (estacion_origen, estacion_destino, estado) VALUES ('parque ohiggins', 'rondizzoni', 0) ON CONFLICT (estacion_origen, estacion_destino) DO NOTHING;
INSERT INTO conexiones (estacion_origen, estacion_destino, estado) VALUES ('rondizzoni', 'franklin', 0) ON CONFLICT (estacion_origen, estacion_destino) DO NOTHING;
INSERT INTO conexiones (estacion_origen, estacion_destino, estado) VALUES ('franklin', 'el llano', 0) ON CONFLICT (estacion_origen, estacion_destino) DO NOTHING;
INSERT INTO conexiones (estacion_origen, estacion_destino, estado) VALUES ('el llano', 'san miguel', 0) ON CONFLICT (estacion_origen, estacion_destino) DO NOTHING;
INSERT INTO conexiones (estacion_origen, estacion_destino, estado) VALUES ('san miguel', 'lo vial', 0) ON CONFLICT (estacion_origen, estacion_destino) DO NOTHING;
INSERT INTO conexiones (estacion_origen, estacion_destino, estado) VALUES ('lo vial', 'departamental', 0) ON CONFLICT (estacion_origen, estacion_destino) DO NOTHING;
INSERT INTO conexiones (estacion_origen, estacion_destino, estado) VALUES ('departamental', 'ciudad del nino', 0) ON CONFLICT (estacion_origen, estacion_destino) DO NOTHING;
INSERT INTO conexiones (estacion_origen, estacion_destino, estado) VALUES ('ciudad del nino', 'lo ovalle', 0) ON CONFLICT (estacion_origen, estacion_destino) DO NOTHING;
INSERT INTO conexiones (estacion_origen, estacion_destino, estado) VALUES ('lo ovalle', 'el parron', 0) ON CONFLICT (estacion_origen, estacion_destino) DO NOTHING;
INSERT INTO conexiones (estacion_origen, estacion_destino, estado) VALUES ('el parron', 'la cisterna', 0) ON CONFLICT (estacion_origen, estacion_destino) DO NOTHING;
INSERT INTO conexiones (estacion_origen, estacion_destino, estado) VALUES ('la cisterna', 'None', 0) ON CONFLICT (estacion_origen, estacion_destino) DO NOTHING;
INSERT INTO conexiones (estacion_origen, estacion_destino, estado) VALUES ('plaza quilicura', 'lo cruzat', 0) ON CONFLICT (estacion_origen, estacion_destino) DO NOTHING;
INSERT INTO conexiones (estacion_origen, estacion_destino, estado) VALUES ('lo cruzat', 'ferrocarril', 0) ON CONFLICT (estacion_origen, estacion_destino) DO NOTHING;
INSERT INTO conexiones (estacion_origen, estacion_destino, estado) VALUES ('ferrocarril', 'los libertadores', 0) ON CONFLICT (estacion_origen, estacion_destino) DO NOTHING;
INSERT INTO conexiones (estacion_origen, estacion_destino, estado) VALUES ('los libertadores', 'cardenal caro', 0) ON CONFLICT (estacion_origen, estacion_destino) DO NOTHING;
INSERT INTO conexiones (estacion_origen, estacion_destino, estado) VALUES ('cardenal caro', 'vivaceta', 0) ON CONFLICT (estacion_origen, estacion_destino) DO NOTHING;
INSERT INTO conexiones (estacion_origen, estacion_destino, estado) VALUES ('vivaceta', 'conchali', 0) ON CONFLICT (estacion_origen, estacion_destino) DO NOTHING;
INSERT INTO conexiones (estacion_origen, estacion_destino, estado) VALUES ('conchali', 'plaza chacabuco', 0) ON CONFLICT (estacion_origen, estacion_destino) DO NOTHING;
INSERT INTO conexiones (estacion_origen, estacion_destino, estado) VALUES ('plaza chacabuco', 'hospitales', 0) ON CONFLICT (estacion_origen, estacion_destino) DO NOTHING;
INSERT INTO conexiones (estacion_origen, estacion_destino, estado) VALUES ('hospitales', 'puente cal y canto', 0) ON CONFLICT (estacion_origen, estacion_destino) DO NOTHING;
INSERT INTO conexiones (estacion_origen, estacion_destino, estado) VALUES ('puente cal y canto', 'plaza de armas', 0) ON CONFLICT (estacion_origen, estacion_destino) DO NOTHING;
INSERT INTO conexiones (estacion_origen, estacion_destino, estado) VALUES ('plaza de armas', 'universidad de chile', 0) ON CONFLICT (estacion_origen, estacion_destino) DO NOTHING;
INSERT INTO conexiones (estacion_origen, estacion_destino, estado) VALUES ('universidad de chile', 'parque almagro', 0) ON CONFLICT (estacion_origen, estacion_destino) DO NOTHING;
INSERT INTO conexiones (estacion_origen, estacion_destino, estado) VALUES ('parque almagro', 'matta', 0) ON CONFLICT (estacion_origen, estacion_destino) DO NOTHING;
INSERT INTO conexiones (estacion_origen, estacion_destino, estado) VALUES ('matta', 'irarrazaval', 0) ON CONFLICT (estacion_origen, estacion_destino) DO NOTHING;
INSERT INTO conexiones (estacion_origen, estacion_destino, estado) VALUES ('irarrazaval', 'monsenor eyzaguirre', 0) ON CONFLICT (estacion_origen, estacion_destino) DO NOTHING;
INSERT INTO conexiones (estacion_origen, estacion_destino, estado) VALUES ('monsenor eyzaguirre', 'nunoa', 0) ON CONFLICT (estacion_origen, estacion_destino) DO NOTHING;
INSERT INTO conexiones (estacion_origen, estacion_destino, estado) VALUES ('nunoa', 'chile espana', 0) ON CONFLICT (estacion_origen, estacion_destino) DO NOTHING;
INSERT INTO conexiones (estacion_origen, estacion_destino, estado) VALUES ('chile espana', 'villa frei', 0) ON CONFLICT (estacion_origen, estacion_destino) DO NOTHING;
INSERT INTO conexiones (estacion_origen, estacion_destino, estado) VALUES ('villa frei', 'plaza egana', 0) ON CONFLICT (estacion_origen, estacion_destino) DO NOTHING;
INSERT INTO conexiones (estacion_origen, estacion_destino, estado) VALUES ('plaza egana', 'fernando castillo velasco', 0) ON CONFLICT (estacion_origen, estacion_destino) DO NOTHING;
INSERT INTO conexiones (estacion_origen, estacion_destino, estado) VALUES ('fernando castillo velasco', 'None', 0) ON CONFLICT (estacion_origen, estacion_destino) DO NOTHING;
INSERT INTO conexiones (estacion_origen, estacion_destino, estado) VALUES ('tobalaba', 'cristobal colon', 0) ON CONFLICT (estacion_origen, estacion_destino) DO NOTHING;
INSERT INTO conexiones (estacion_origen, estacion_destino, estado) VALUES ('cristobal colon', 'francisco bilbao', 0) ON CONFLICT (estacion_origen, estacion_destino) DO NOTHING;
INSERT INTO conexiones (estacion_origen, estacion_destino, estado) VALUES ('francisco bilbao', 'principe de gales', 0) ON CONFLICT (estacion_origen, estacion_destino) DO NOTHING;
INSERT INTO conexiones (estacion_origen, estacion_destino, estado) VALUES ('principe de gales', 'simon bolivar', 0) ON CONFLICT (estacion_origen, estacion_destino) DO NOTHING;
INSERT INTO conexiones (estacion_origen, estacion_destino, estado) VALUES ('simon bolivar', 'plaza egana', 0) ON CONFLICT (estacion_origen, estacion_destino) DO NOTHING;
INSERT INTO conexiones (estacion_origen, estacion_destino, estado) VALUES ('plaza egana', 'los orientales', 0) ON CONFLICT (estacion_origen, estacion_destino) DO NOTHING;
INSERT INTO conexiones (estacion_origen, estacion_destino, estado) VALUES ('los orientales', 'grecia', 0) ON CONFLICT (estacion_origen, estacion_destino) DO NOTHING;
INSERT INTO conexiones (estacion_origen, estacion_destino, estado) VALUES ('grecia', 'los presidentes', 0) ON CONFLICT (estacion_origen, estacion_destino) DO NOTHING;
INSERT INTO conexiones (estacion_origen, estacion_destino, estado) VALUES ('los presidentes', 'quilin', 0) ON CONFLICT (estacion_origen, estacion_destino) DO NOTHING;
INSERT INTO conexiones (estacion_origen, estacion_destino, estado) VALUES ('quilin', 'las torres', 0) ON CONFLICT (estacion_origen, estacion_destino) DO NOTHING;
INSERT INTO conexiones (estacion_origen, estacion_destino, estado) VALUES ('las torres', 'macul', 0) ON CONFLICT (estacion_origen, estacion_destino) DO NOTHING;
INSERT INTO conexiones (estacion_origen, estacion_destino, estado) VALUES ('macul', 'vicuna mackenna', 0) ON CONFLICT (estacion_origen, estacion_destino) DO NOTHING;
INSERT INTO conexiones (estacion_origen, estacion_destino, estado) VALUES ('vicuna mackenna', 'vicente valdes', 0) ON CONFLICT (estacion_origen, estacion_destino) DO NOTHING;
INSERT INTO conexiones (estacion_origen, estacion_destino, estado) VALUES ('vicente valdes', 'rojas magallanes', 0) ON CONFLICT (estacion_origen, estacion_destino) DO NOTHING;
INSERT INTO conexiones (estacion_origen, estacion_destino, estado) VALUES ('rojas magallanes', 'trinidad', 0) ON CONFLICT (estacion_origen, estacion_destino) DO NOTHING;
INSERT INTO conexiones (estacion_origen, estacion_destino, estado) VALUES ('trinidad', 'san jose de la estrella', 0) ON CONFLICT (estacion_origen, estacion_destino) DO NOTHING;
INSERT INTO conexiones (estacion_origen, estacion_destino, estado) VALUES ('san jose de la estrella', 'los quillayes', 0) ON CONFLICT (estacion_origen, estacion_destino) DO NOTHING;
INSERT INTO conexiones (estacion_origen, estacion_destino, estado) VALUES ('los quillayes', 'elisa correa', 0) ON CONFLICT (estacion_origen, estacion_destino) DO NOTHING;
INSERT INTO conexiones (estacion_origen, estacion_destino, estado) VALUES ('elisa correa', 'hospital sotero del rio', 0) ON CONFLICT (estacion_origen, estacion_destino) DO NOTHING;
INSERT INTO conexiones (estacion_origen, estacion_destino, estado) VALUES ('hospital sotero del rio', 'protectora de la infancia', 0) ON CONFLICT (estacion_origen, estacion_destino) DO NOTHING;
INSERT INTO conexiones (estacion_origen, estacion_destino, estado) VALUES ('protectora de la infancia', 'las mercedes', 0) ON CONFLICT (estacion_origen, estacion_destino) DO NOTHING;
INSERT INTO conexiones (estacion_origen, estacion_destino, estado) VALUES ('las mercedes', 'plaza de puente alto', 0) ON CONFLICT (estacion_origen, estacion_destino) DO NOTHING;
INSERT INTO conexiones (estacion_origen, estacion_destino, estado) VALUES ('plaza de puente alto', 'None', 0) ON CONFLICT (estacion_origen, estacion_destino) DO NOTHING;
INSERT INTO conexiones (estacion_origen, estacion_destino, estado) VALUES ('vicuna mackenna', 'santa julia', 0) ON CONFLICT (estacion_origen, estacion_destino) DO NOTHING;
INSERT INTO conexiones (estacion_origen, estacion_destino, estado) VALUES ('santa julia', 'la granja', 0) ON CONFLICT (estacion_origen, estacion_destino) DO NOTHING;
INSERT INTO conexiones (estacion_origen, estacion_destino, estado) VALUES ('la granja', 'santa rosa', 0) ON CONFLICT (estacion_origen, estacion_destino) DO NOTHING;
INSERT INTO conexiones (estacion_origen, estacion_destino, estado) VALUES ('santa rosa', 'san ramon', 0) ON CONFLICT (estacion_origen, estacion_destino) DO NOTHING;
INSERT INTO conexiones (estacion_origen, estacion_destino, estado) VALUES ('san ramon', 'la cisterna', 0) ON CONFLICT (estacion_origen, estacion_destino) DO NOTHING;
INSERT INTO conexiones (estacion_origen, estacion_destino, estado) VALUES ('la cisterna', 'None', 0) ON CONFLICT (estacion_origen, estacion_destino) DO NOTHING;
INSERT INTO conexiones (estacion_origen, estacion_destino, estado) VALUES ('plaza de maipu', 'santiago bueras', 0) ON CONFLICT (estacion_origen, estacion_destino) DO NOTHING;
INSERT INTO conexiones (estacion_origen, estacion_destino, estado) VALUES ('santiago bueras', 'del sol', 0) ON CONFLICT (estacion_origen, estacion_destino) DO NOTHING;
INSERT INTO conexiones (estacion_origen, estacion_destino, estado) VALUES ('del sol', 'monte tabor', 0) ON CONFLICT (estacion_origen, estacion_destino) DO NOTHING;
INSERT INTO conexiones (estacion_origen, estacion_destino, estado) VALUES ('monte tabor', 'las parcelas', 0) ON CONFLICT (estacion_origen, estacion_destino) DO NOTHING;
INSERT INTO conexiones (estacion_origen, estacion_destino, estado) VALUES ('las parcelas', 'laguna sur', 0) ON CONFLICT (estacion_origen, estacion_destino) DO NOTHING;
INSERT INTO conexiones (estacion_origen, estacion_destino, estado) VALUES ('laguna sur', 'barrancas', 0) ON CONFLICT (estacion_origen, estacion_destino) DO NOTHING;
INSERT INTO conexiones (estacion_origen, estacion_destino, estado) VALUES ('barrancas', 'pudahuel', 0) ON CONFLICT (estacion_origen, estacion_destino) DO NOTHING;
INSERT INTO conexiones (estacion_origen, estacion_destino, estado) VALUES ('pudahuel', 'san pablo', 0) ON CONFLICT (estacion_origen, estacion_destino) DO NOTHING;
INSERT INTO conexiones (estacion_origen, estacion_destino, estado) VALUES ('san pablo', 'lo prado', 0) ON CONFLICT (estacion_origen, estacion_destino) DO NOTHING;
INSERT INTO conexiones (estacion_origen, estacion_destino, estado) VALUES ('lo prado', 'blanqueado', 0) ON CONFLICT (estacion_origen, estacion_destino) DO NOTHING;
INSERT INTO conexiones (estacion_origen, estacion_destino, estado) VALUES ('blanqueado', 'gruta de lourdes', 0) ON CONFLICT (estacion_origen, estacion_destino) DO NOTHING;
INSERT INTO conexiones (estacion_origen, estacion_destino, estado) VALUES ('gruta de lourdes', 'quinta normal', 0) ON CONFLICT (estacion_origen, estacion_destino) DO NOTHING;
INSERT INTO conexiones (estacion_origen, estacion_destino, estado) VALUES ('quinta normal', 'cumming', 0) ON CONFLICT (estacion_origen, estacion_destino) DO NOTHING;
INSERT INTO conexiones (estacion_origen, estacion_destino, estado) VALUES ('cumming', 'santa ana', 0) ON CONFLICT (estacion_origen, estacion_destino) DO NOTHING;
INSERT INTO conexiones (estacion_origen, estacion_destino, estado) VALUES ('santa ana', 'plaza de armas', 0) ON CONFLICT (estacion_origen, estacion_destino) DO NOTHING;
INSERT INTO conexiones (estacion_origen, estacion_destino, estado) VALUES ('plaza de armas', 'bellas artes', 0) ON CONFLICT (estacion_origen, estacion_destino) DO NOTHING;
INSERT INTO conexiones (estacion_origen, estacion_destino, estado) VALUES ('bellas artes', 'baquedano', 0) ON CONFLICT (estacion_origen, estacion_destino) DO NOTHING;
INSERT INTO conexiones (estacion_origen, estacion_destino, estado) VALUES ('baquedano', 'parque bustamante', 0) ON CONFLICT (estacion_origen, estacion_destino) DO NOTHING;
INSERT INTO conexiones (estacion_origen, estacion_destino, estado) VALUES ('parque bustamante', 'santa isabel', 0) ON CONFLICT (estacion_origen, estacion_destino) DO NOTHING;
INSERT INTO conexiones (estacion_origen, estacion_destino, estado) VALUES ('santa isabel', 'irarrazaval', 0) ON CONFLICT (estacion_origen, estacion_destino) DO NOTHING;
INSERT INTO conexiones (estacion_origen, estacion_destino, estado) VALUES ('irarrazaval', 'nuble', 0) ON CONFLICT (estacion_origen, estacion_destino) DO NOTHING;
INSERT INTO conexiones (estacion_origen, estacion_destino, estado) VALUES ('nuble', 'rodrigo de araya', 0) ON CONFLICT (estacion_origen, estacion_destino) DO NOTHING;
INSERT INTO conexiones (estacion_origen, estacion_destino, estado) VALUES ('rodrigo de araya', 'carlos valdovinos', 0) ON CONFLICT (estacion_origen, estacion_destino) DO NOTHING;
INSERT INTO conexiones (estacion_origen, estacion_destino, estado) VALUES ('carlos valdovinos', 'camino agricola', 0) ON CONFLICT (estacion_origen, estacion_destino) DO NOTHING;
INSERT INTO conexiones (estacion_origen, estacion_destino, estado) VALUES ('camino agricola', 'san joaquin', 0) ON CONFLICT (estacion_origen, estacion_destino) DO NOTHING;
INSERT INTO conexiones (estacion_origen, estacion_destino, estado) VALUES ('san joaquin', 'pedrero', 0) ON CONFLICT (estacion_origen, estacion_destino) DO NOTHING;
INSERT INTO conexiones (estacion_origen, estacion_destino, estado) VALUES ('pedrero', 'mirador', 0) ON CONFLICT (estacion_origen, estacion_destino) DO NOTHING;
INSERT INTO conexiones (estacion_origen, estacion_destino, estado) VALUES ('mirador', 'bellavista de la florida', 0) ON CONFLICT (estacion_origen, estacion_destino) DO NOTHING;
INSERT INTO conexiones (estacion_origen, estacion_destino, estado) VALUES ('bellavista de la florida', 'vicente valdes', 0) ON CONFLICT (estacion_origen, estacion_destino) DO NOTHING;
INSERT INTO conexiones (estacion_origen, estacion_destino, estado) VALUES ('vicente valdes', 'None', 0) ON CONFLICT (estacion_origen, estacion_destino) DO NOTHING;
INSERT INTO conexiones (estacion_origen, estacion_destino, estado) VALUES ('cerrillos', 'lo valledor', 0) ON CONFLICT (estacion_origen, estacion_destino) DO NOTHING;
INSERT INTO conexiones (estacion_origen, estacion_destino, estado) VALUES ('lo valledor', 'pdte pedro aguirre cerda', 0) ON CONFLICT (estacion_origen, estacion_destino) DO NOTHING;
INSERT INTO conexiones (estacion_origen, estacion_destino, estado) VALUES ('pdte pedro aguirre cerda', 'franklin', 0) ON CONFLICT (estacion_origen, estacion_destino) DO NOTHING;
INSERT INTO conexiones (estacion_origen, estacion_destino, estado) VALUES ('franklin', 'bio bio', 0) ON CONFLICT (estacion_origen, estacion_destino) DO NOTHING;
INSERT INTO conexiones (estacion_origen, estacion_destino, estado) VALUES ('bio bio', 'nuble', 0) ON CONFLICT (estacion_origen, estacion_destino) DO NOTHING;
INSERT INTO conexiones (estacion_origen, estacion_destino, estado) VALUES ('nuble', 'estadio nacional', 0) ON CONFLICT (estacion_origen, estacion_destino) DO NOTHING;
INSERT INTO conexiones (estacion_origen, estacion_destino, estado) VALUES ('estadio nacional', 'nunoa', 0) ON CONFLICT (estacion_origen, estacion_destino) DO NOTHING;
INSERT INTO conexiones (estacion_origen, estacion_destino, estado) VALUES ('nunoa', 'ines de suarez', 0) ON CONFLICT (estacion_origen, estacion_destino) DO NOTHING;
INSERT INTO conexiones (estacion_origen, estacion_destino, estado) VALUES ('ines de suarez', 'los leones', 0) ON CONFLICT (estacion_origen, estacion_destino) DO NOTHING;
INSERT INTO conexiones (estacion_origen, estacion_destino, estado) VALUES ('los leones', 'None', 0) ON CONFLICT (estacion_origen, estacion_destino) DO NOTHING;
CREATE TABLE IF NOT EXISTS lineas_estacion (estacion TEXT NOT NULL, linea TEXT NOT NULL);
INSERT INTO lineas_estacion (estacion, linea) VALUES ('san pablo', 'L1');
INSERT INTO lineas_estacion (estacion, linea) VALUES ('san pablo', 'L5');
INSERT INTO lineas_estacion (estacion, linea) VALUES ('neptuno', 'L1');
INSERT INTO lineas_estacion (estacion, linea) VALUES ('pajaritos', 'L1');
INSERT INTO lineas_estacion (estacion, linea) VALUES ('las rejas', 'L1');
INSERT INTO lineas_estacion (estacion, linea) VALUES ('ecuador', 'L1');
INSERT INTO lineas_estacion (estacion, linea) VALUES ('san alberto hurtado', 'L1');
INSERT INTO lineas_estacion (estacion, linea) VALUES ('universidad de santiago', 'L1');
INSERT INTO lineas_estacion (estacion, linea) VALUES ('estacion central', 'L1');
INSERT INTO lineas_estacion (estacion, linea) VALUES ('ula', 'L1');
INSERT INTO lineas_estacion (estacion, linea) VALUES ('republica', 'L1');
INSERT INTO lineas_estacion (estacion, linea) VALUES ('los heroes', 'L1');
INSERT INTO lineas_estacion (estacion, linea) VALUES ('los heroes', 'L2');
INSERT INTO lineas_estacion (estacion, linea) VALUES ('la moneda', 'L1');
INSERT INTO lineas_estacion (estacion, linea) VALUES ('universidad de chile', 'L1');
INSERT INTO lineas_estacion (estacion, linea) VALUES ('universidad de chile', 'L3');
INSERT INTO lineas_estacion (estacion, linea) VALUES ('santa lucia', 'L1');
INSERT INTO lineas_estacion (estacion, linea) VALUES ('universidad catolica', 'L1');
INSERT INTO lineas_estacion (estacion, linea) VALUES ('baquedano', 'L1');
INSERT INTO lineas_estacion (estacion, linea) VALUES ('baquedano', 'L5');
INSERT INTO lineas_estacion (estacion, linea) VALUES ('salvador', 'L1');
INSERT INTO lineas_estacion (estacion, linea) VALUES ('manuel montt', 'L1');
INSERT INTO lineas_estacion (estacion, linea) VALUES ('pedro de valdivia', 'L1');
INSERT INTO lineas_estacion (estacion, linea) VALUES ('los leones', 'L1');
INSERT INTO lineas_estacion (estacion, linea) VALUES ('los leones', 'L6');
INSERT INTO lineas_estacion (estacion, linea) VALUES ('tobalaba', 'L1');
INSERT INTO lineas_estacion (estacion, linea) VALUES ('tobalaba', 'L4');
INSERT INTO lineas_estacion (estacion, linea) VALUES ('el golf', 'L1');
INSERT INTO lineas_estacion (estacion, linea) VALUES ('alcantara', 'L1');
INSERT INTO lineas_estacion (estacion, linea) VALUES ('escuela militar', 'L1');
INSERT INTO lineas_estacion (estacion, linea) VALUES ('manquehue', 'L1');
INSERT INTO lineas_estacion (estacion, linea) VALUES ('hernando de magallanes', 'L1');
INSERT INTO lineas_estacion (estacion, linea) VALUES ('los dominicos', 'L1');
INSERT INTO lineas_estacion (estacion, linea) VALUES ('vespucio norte', 'L2');
INSERT INTO lineas_estacion (estacion, linea) VALUES ('zapadores', 'L2');
INSERT INTO lineas_estacion (estacion, linea) VALUES ('dorsal', 'L2');
INSERT INTO lineas_estacion (estacion, linea) VALUES ('einstein', 'L2');
INSERT INTO lineas_estacion (estacion, linea) VALUES ('cementerios', 'L2');
INSERT INTO lineas_estacion (estacion, linea) VALUES ('cerro blanco', 'L2');
INSERT INTO lineas_estacion (estacion, linea) VALUES ('patronato', 'L2');
INSERT INTO lineas_estacion (estacion, linea) VALUES ('puente cal y canto', 'L2');
INSERT INTO lineas_estacion (estacion, linea) VALUES ('puente cal y canto', 'L3');
INSERT INTO lineas_estacion (estacion, linea) VALUES ('santa ana', 'L2');
INSERT INTO lineas_estacion (estacion, linea) VALUES ('santa ana', 'L5');
INSERT INTO lineas_estacion (estacion, linea) VALUES ('los heroes', 'L1');
INSERT INTO lineas_estacion (estacion, linea) VALUES ('los heroes', 'L2');
INSERT INTO lineas_estacion (estacion, linea) VALUES ('toesca', 'L2');
INSERT INTO lineas_estacion (estacion, linea) VALUES ('parque ohiggins', 'L2');
INSERT INTO lineas_estacion (estacion, linea) VALUES ('rondizzoni', 'L2');
INSERT INTO lineas_estacion (estacion, linea) VALUES ('franklin', 'L2');
INSERT INTO lineas_estacion (estacion, linea) VALUES ('franklin', 'L6');
INSERT INTO lineas_estacion (estacion, linea) VALUES ('el llano', 'L2');
INSERT INTO lineas_estacion (estacion, linea) VALUES ('san miguel', 'L2');
INSERT INTO lineas_estacion (estacion, linea) VALUES ('lo vial', 'L2');
INSERT INTO lineas_estacion (estacion, linea) VALUES ('departamental', 'L2');
INSERT INTO lineas_estacion (estacion, linea) VALUES ('ciudad del nino', 'L2');
INSERT INTO lineas_estacion (estacion, linea) VALUES ('lo ovalle', 'L2');
INSERT INTO lineas_estacion (estacion, linea) VALUES ('el parron', 'L2');
INSERT INTO lineas_estacion (estacion, linea) VALUES ('la cisterna', 'L2');
INSERT INTO lineas_estacion (estacion, linea) VALUES ('la cisterna', 'L4A');
INSERT INTO lineas_estacion (estacion, linea) VALUES ('plaza quilicura', 'L3');
INSERT INTO lineas_estacion (estacion, linea) VALUES ('lo cruzat', 'L3');
INSERT INTO lineas_estacion (estacion, linea) VALUES ('ferrocarril', 'L3');
INSERT INTO lineas_estacion (estacion, linea) VALUES ('los libertadores', 'L3');
INSERT INTO lineas_estacion (estacion, linea) VALUES ('cardenal caro', 'L3');
INSERT INTO lineas_estacion (estacion, linea) VALUES ('vivaceta', 'L3');
INSERT INTO lineas_estacion (estacion, linea) VALUES ('conchali', 'L3');
INSERT INTO lineas_estacion (estacion, linea) VALUES ('plaza chacabuco', 'L3');
INSERT INTO lineas_estacion (estacion, linea) VALUES ('hospitales', 'L3');
INSERT INTO lineas_estacion (estacion, linea) VALUES ('puente cal y canto', 'L2');
INSERT INTO lineas_estacion (estacion, linea) VALUES ('puente cal y canto', 'L3');
INSERT INTO lineas_estacion (estacion, linea) VALUES ('plaza de armas', 'L3');
INSERT INTO lineas_estacion (estacion, linea) VALUES ('plaza de armas', 'L5');
INSERT INTO lineas_estacion (estacion, linea) VALUES ('universidad de chile', 'L1');
INSERT INTO lineas_estacion (estacion, linea) VALUES ('universidad de chile', 'L3');
INSERT INTO lineas_estacion (estacion, linea) VALUES ('parque almagro', 'L3');
INSERT INTO lineas_estacion (estacion, linea) VALUES ('matta', 'L3');
INSERT INTO lineas_estacion (estacion, linea) VALUES ('irarrazaval', 'L3');
INSERT INTO lineas_estacion (estacion, linea) VALUES ('irarrazaval', 'L5');
INSERT INTO lineas_estacion (estacion, linea) VALUES ('monsenor eyzaguirre', 'L3');
INSERT INTO lineas_estacion (estacion, linea) VALUES ('nunoa', 'L3');
INSERT INTO lineas_estacion (estacion, linea) VALUES ('nunoa', 'L6');
INSERT INTO lineas_estacion (estacion, linea) VALUES ('chile espana', 'L3');
INSERT INTO lineas_estacion (estacion, linea) VALUES ('villa frei', 'L3');
INSERT INTO lineas_estacion (estacion, linea) VALUES ('plaza egana', 'L3');
INSERT INTO lineas_estacion (estacion, linea) VALUES ('plaza egana', 'L4');
INSERT INTO lineas_estacion (estacion, linea) VALUES ('fernando castillo velasco', 'L3');
INSERT INTO lineas_estacion (estacion, linea) VALUES ('tobalaba', 'L1');
INSERT INTO lineas_estacion (estacion, linea) VALUES ('tobalaba', 'L4');
INSERT INTO lineas_estacion (estacion, linea) VALUES ('cristobal colon', 'L4');
INSERT INTO lineas_estacion (estacion, linea) VALUES ('francisco bilbao', 'L4');
INSERT INTO lineas_estacion (estacion, linea) VALUES ('principe de gales', 'L4');
INSERT INTO lineas_estacion (estacion, linea) VALUES ('simon bolivar', 'L4');
INSERT INTO lineas_estacion (estacion, linea) VALUES ('plaza egana', 'L3');
INSERT INTO lineas_estacion (estacion, linea) VALUES ('plaza egana', 'L4');
INSERT INTO lineas_estacion (estacion, linea) VALUES ('los orientales', 'L4');
INSERT INTO lineas_estacion (estacion, linea) VALUES ('grecia', 'L4');
INSERT INTO lineas_estacion (estacion, linea) VALUES ('los presidentes', 'L4');
INSERT INTO lineas_estacion (estacion, linea) VALUES ('quilin', 'L4');
INSERT INTO lineas_estacion (estacion, linea) VALUES ('las torres', 'L4');
INSERT INTO lineas_estacion (estacion, linea) VALUES ('macul', 'L4');
INSERT INTO lineas_estacion (estacion, linea) VALUES ('vicuna mackenna', 'L4');
INSERT INTO lineas_estacion (estacion, linea) VALUES ('vicuna mackenna', 'L4A');
INSERT INTO lineas_estacion (estacion, linea) VALUES ('vicente valdes', 'L4');
INSERT INTO lineas_estacion (estacion, linea) VALUES ('vicente valdes', 'L5');
INSERT INTO lineas_estacion (estacion, linea) VALUES ('rojas magallanes', 'L4');
INSERT INTO lineas_estacion (estacion, linea) VALUES ('trinidad', 'L4');
INSERT INTO lineas_estacion (estacion, linea) VALUES ('san jose de la estrella', 'L4');
INSERT INTO lineas_estacion (estacion, linea) VALUES ('los quillayes', 'L4');
INSERT INTO lineas_estacion (estacion, linea) VALUES ('elisa correa', 'L4');
INSERT INTO lineas_estacion (estacion, linea) VALUES ('hospital sotero del rio', 'L4');
INSERT INTO lineas_estacion (estacion, linea) VALUES ('protectora de la infancia', 'L4');
INSERT INTO lineas_estacion (estacion, linea) VALUES ('las mercedes', 'L4');
INSERT INTO lineas_estacion (estacion, linea) VALUES ('plaza de puente alto', 'L4');
INSERT INTO lineas_estacion (estacion, linea) VALUES ('vicuna mackenna', 'L4');
INSERT INTO lineas_estacion (estacion, linea) VALUES ('vicuna mackenna', 'L4A');
INSERT INTO lineas_estacion (estacion, linea) VALUES ('santa julia', 'L4A');
INSERT INTO lineas_estacion (estacion, linea) VALUES ('la granja', 'L4A');
INSERT INTO lineas_estacion (estacion, linea) VALUES ('santa rosa', 'L4A');
INSERT INTO lineas_estacion (estacion, linea) VALUES ('san ramon', 'L4A');
INSERT INTO lineas_estacion (estacion, linea) VALUES ('la cisterna', 'L2');
INSERT INTO lineas_estacion (estacion, linea) VALUES ('la cisterna', 'L4A');
INSERT INTO lineas_estacion (estacion, linea) VALUES ('plaza de maipu', 'L5');
INSERT INTO lineas_estacion (estacion, linea) VALUES ('santiago bueras', 'L5');
INSERT INTO lineas_estacion (estacion, linea) VALUES ('del sol', 'L5');
INSERT INTO lineas_estacion (estacion, linea) VALUES ('monte tabor', 'L5');
INSERT INTO lineas_estacion (estacion, linea) VALUES ('las parcelas', 'L5');
INSERT INTO lineas_estacion (estacion, linea) VALUES ('laguna sur', 'L5');
INSERT INTO lineas_estacion (estacion, linea) VALUES ('barrancas', 'L5');
INSERT INTO lineas_estacion (estacion, linea) VALUES ('pudahuel', 'L5');
INSERT INTO lineas_estacion (estacion, linea) VALUES ('san pablo', 'L1');
INSERT INTO lineas_estacion (estacion, linea) VALUES ('san pablo', 'L5');
INSERT INTO lineas_estacion (estacion, linea) VALUES ('lo prado', 'L5');
INSERT INTO lineas_estacion (estacion, linea) VALUES ('blanqueado', 'L5');
INSERT INTO lineas_estacion (estacion, linea) VALUES ('gruta de lourdes', 'L5');
INSERT INTO lineas_estacion (estacion, linea) VALUES ('quinta normal', 'L5');
INSERT INTO lineas_estacion (estacion, linea) VALUES ('cumming', 'L5');
INSERT INTO lineas_estacion (estacion, linea) VALUES ('santa ana', 'L2');
INSERT INTO lineas_estacion (estacion, linea) VALUES ('santa ana', 'L5');
INSERT INTO lineas_estacion (estacion, linea) VALUES ('plaza de armas', 'L3');
INSERT INTO lineas_estacion (estacion, linea) VALUES ('plaza de armas', 'L5');
INSERT INTO lineas_estacion (estacion, linea) VALUES ('bellas artes', 'L5');
INSERT INTO lineas_estacion (estacion, linea) VALUES ('baquedano', 'L1');
INSERT INTO lineas_estacion (estacion, linea) VALUES ('baquedano', 'L5');
INSERT INTO lineas_estacion (estacion, linea) VALUES ('parque bustamante', 'L5');
INSERT INTO lineas_estacion (estacion, linea) VALUES ('santa isabel', 'L5');
INSERT INTO lineas_estacion (estacion, linea) VALUES ('irarrazaval', 'L3');
INSERT INTO lineas_estacion (estacion, linea) VALUES ('irarrazaval', 'L5');
INSERT INTO lineas_estacion (estacion, linea) VALUES ('nuble', 'L5');
INSERT INTO lineas_estacion (estacion, linea) VALUES ('nuble', 'L6');
INSERT INTO lineas_estacion (estacion, linea) VALUES ('rodrigo de araya', 'L5');
INSERT INTO lineas_estacion (estacion, linea) VALUES ('carlos valdovinos', 'L5');
INSERT INTO lineas_estacion (estacion, linea) VALUES ('camino agricola', 'L5');
INSERT INTO lineas_estacion (estacion, linea) VALUES ('san joaquin', 'L5');
INSERT INTO lineas_estacion (estacion, linea) VALUES ('pedrero', 'L5');
INSERT INTO lineas_estacion (estacion, linea) VALUES ('mirador', 'L5');
INSERT INTO lineas_estacion (estacion, linea) VALUES ('bellavista de la florida', 'L5');
INSERT INTO lineas_estacion (estacion, linea) VALUES ('vicente valdes', 'L4');
INSERT INTO lineas_estacion (estacion, linea) VALUES ('vicente valdes', 'L5');
INSERT INTO lineas_estacion (estacion, linea) VALUES ('cerrillos', 'L6');
INSERT INTO lineas_estacion (estacion, linea) VALUES ('lo valledor', 'L6');
INSERT INTO lineas_estacion (estacion, linea) VALUES ('pdte pedro aguirre cerda', 'L6');
INSERT INTO lineas_estacion (estacion, linea) VALUES ('franklin', 'L2');
INSERT INTO lineas_estacion (estacion, linea) VALUES ('franklin', 'L6');
INSERT INTO lineas_estacion (estacion, linea) VALUES ('bio bio', 'L6');
INSERT INTO lineas_estacion (estacion, linea) VALUES ('nuble', 'L5');
INSERT INTO lineas_estacion (estacion, linea) VALUES ('nuble', 'L6');
INSERT INTO lineas_estacion (estacion, linea) VALUES ('estadio nacional', 'L6');
INSERT INTO lineas_estacion (estacion, linea) VALUES ('nunoa', 'L3');
INSERT INTO lineas_estacion (estacion, linea) VALUES ('nunoa', 'L6');
INSERT INTO lineas_estacion (estacion, linea) VALUES ('ines de suarez', 'L6');
INSERT INTO lineas_estacion (estacion, linea) VALUES ('los leones', 'L1');
INSERT INTO lineas_estacion (estacion, linea) VALUES ('los leones', 'L6');
CREATE TABLE IF NOT EXISTS coordenadas (estacion TEXT NOT NULL, longitud REAL NOT NULL, latitud REAL NOT NULL, PRIMARY KEY (estacion));
INSERT INTO coordenadas (estacion, longitud, latitud) VALUES ('san pablo', -70.723118, -33.445454);
INSERT INTO coordenadas (estacion, longitud, latitud) VALUES ('neptuno', -70.7226457231, -33.4515363785);
INSERT INTO coordenadas (estacion, longitud, latitud) VALUES ('pajaritos', -70.7159366252, -33.4574171848);
INSERT INTO coordenadas (estacion, longitud, latitud) VALUES ('las rejas', -70.7058707613, -33.4573687921);
INSERT INTO coordenadas (estacion, longitud, latitud) VALUES ('ecuador', -70.7010856004, -33.4562666496);
INSERT INTO coordenadas (estacion, longitud, latitud) VALUES ('san alberto hurtado', -70.6262085328, -33.4334665259);
INSERT INTO coordenadas (estacion, longitud, latitud) VALUES ('universidad de santiago', -70.6863706043, -33.4528321137);
INSERT INTO coordenadas (estacion, longitud, latitud) VALUES ('estacion central', -70.6791487979, -33.4508747721);
INSERT INTO coordenadas (estacion, longitud, latitud) VALUES ('union latinoamericana', -70.673456434, -33.4494227802);
INSERT INTO coordenadas (estacion, longitud, latitud) VALUES ('republica', -70.6124338697, -33.424929207);
INSERT INTO coordenadas (estacion, longitud, latitud) VALUES ('los heroes', -70.661705, -33.446487);
INSERT INTO coordenadas (estacion, longitud, latitud) VALUES ('la moneda', -70.6547958639, -33.4448550099);
INSERT INTO coordenadas (estacion, longitud, latitud) VALUES ('universidad de chile', -70.6502916805, -33.4437650271);
INSERT INTO coordenadas (estacion, longitud, latitud) VALUES ('santa lucia', -70.6452040233, -33.4425540356);
INSERT INTO coordenadas (estacion, longitud, latitud) VALUES ('universidad catolica', -70.6400308121, -33.4398533694);
INSERT INTO coordenadas (estacion, longitud, latitud) VALUES ('baquedano', -70.633119, -33.437277);
INSERT INTO coordenadas (estacion, longitud, latitud) VALUES ('salvador', -70.6670369446, -33.44770483);
INSERT INTO coordenadas (estacion, longitud, latitud) VALUES ('manuel montt', -70.6189163946, -33.4292005093);
INSERT INTO coordenadas (estacion, longitud, latitud) VALUES ('pedro de valdivia', -70.6923679557, -33.4542237258);
INSERT INTO coordenadas (estacion, longitud, latitud) VALUES ('los leones', -70.6086500598, -33.4221740884);
INSERT INTO coordenadas (estacion, longitud, latitud) VALUES ('tobalaba', -70.602792, -33.418722);
INSERT INTO coordenadas (estacion, longitud, latitud) VALUES ('el golf', -70.5958563387, -33.416657734);
INSERT INTO coordenadas (estacion, longitud, latitud) VALUES ('alcantara', -70.5896858425, -33.4154387733);
INSERT INTO coordenadas (estacion, longitud, latitud) VALUES ('escuela militar', -70.5846369001, -33.4142908812);
INSERT INTO coordenadas (estacion, longitud, latitud) VALUES ('manquehue', -70.5681256167, -33.409025904);
INSERT INTO coordenadas (estacion, longitud, latitud) VALUES ('hernando de magallanes', -70.5555990885, -33.4080065974);
INSERT INTO coordenadas (estacion, longitud, latitud) VALUES ('los dominicos', -70.5450801049, -33.4078963976);
INSERT INTO coordenadas (estacion, longitud, latitud) VALUES ('la cisterna', -70.664475872, -33.5379710401);
INSERT INTO coordenadas (estacion, longitud, latitud) VALUES ('el parron', -70.6614241284, -33.526513086);
INSERT INTO coordenadas (estacion, longitud, latitud) VALUES ('lo ovalle', -70.6588073333, -33.5172332353);
INSERT INTO coordenadas (estacion, longitud, latitud) VALUES ('ciudad del nino', -70.656652699, -33.5096115457);
INSERT INTO coordenadas (estacion, longitud, latitud) VALUES ('departamental', -70.6547967444, -33.503069019);
INSERT INTO coordenadas (estacion, longitud, latitud) VALUES ('lo vial', -70.652892795, -33.4964133763);
INSERT INTO coordenadas (estacion, longitud, latitud) VALUES ('san miguel', -70.6506872131484, -33.4889964032722);
INSERT INTO coordenadas (estacion, longitud, latitud) VALUES ('el llano', -70.6491237338, -33.4825980382);
INSERT INTO coordenadas (estacion, longitud, latitud) VALUES ('franklin', -70.6494014049, -33.476068318);
INSERT INTO coordenadas (estacion, longitud, latitud) VALUES ('rondizzoni', -70.656665637344, -33.4702489243293);
INSERT INTO coordenadas (estacion, longitud, latitud) VALUES ('parque ohiggins', -70.656821848, -33.4608418168);
INSERT INTO coordenadas (estacion, longitud, latitud) VALUES ('toesca', -70.658734104, -33.452351492);
INSERT INTO coordenadas (estacion, longitud, latitud) VALUES ('santa ana', -70.6587310579999, -33.4392550389999);
INSERT INTO coordenadas (estacion, longitud, latitud) VALUES ('puente cal y canto', -70.652228944, -33.4329460266);
INSERT INTO coordenadas (estacion, longitud, latitud) VALUES ('patronato', -70.6470530443, -33.4296286175);
INSERT INTO coordenadas (estacion, longitud, latitud) VALUES ('cerro blanco', -70.6449391713, -33.4224768455);
INSERT INTO coordenadas (estacion, longitud, latitud) VALUES ('cementerios', -70.6436196881, -33.4138734859);
INSERT INTO coordenadas (estacion, longitud, latitud) VALUES ('einstein', -70.6431782925, -33.4064773885);
INSERT INTO coordenadas (estacion, longitud, latitud) VALUES ('dorsal', -70.6427391035, -33.3968035324);
INSERT INTO coordenadas (estacion, longitud, latitud) VALUES ('zapadores', -70.642441, -33.390938);
INSERT INTO coordenadas (estacion, longitud, latitud) VALUES ('vespucio norte', -70.646175808, -33.381131836);
INSERT INTO coordenadas (estacion, longitud, latitud) VALUES ('plaza quilicura', -70.729912, -33.364983);
INSERT INTO coordenadas (estacion, longitud, latitud) VALUES ('lo cruzat', -70.719841, -33.36673);
INSERT INTO coordenadas (estacion, longitud, latitud) VALUES ('ferrocarril', -70.705925, -33.365486);
INSERT INTO coordenadas (estacion, longitud, latitud) VALUES ('los libertadores', -70.6875399, -33.3671373);
INSERT INTO coordenadas (estacion, longitud, latitud) VALUES ('cardenal caro', -70.685459, -33.373018);
INSERT INTO coordenadas (estacion, longitud, latitud) VALUES ('vivaceta', -70.679508, -33.385142);
INSERT INTO coordenadas (estacion, longitud, latitud) VALUES ('conchali', -70.670334, -33.397244);
INSERT INTO coordenadas (estacion, longitud, latitud) VALUES ('plaza chacabuco', -70.660928, -33.406079);
INSERT INTO coordenadas (estacion, longitud, latitud) VALUES ('hospitales', -70.655687, -33.417756);
INSERT INTO coordenadas (estacion, longitud, latitud) VALUES ('plaza de armas', -70.649818, -33.436672);
INSERT INTO coordenadas (estacion, longitud, latitud) VALUES ('parque almagro', -70.6504687, -33.4515666);
INSERT INTO coordenadas (estacion, longitud, latitud) VALUES ('matta', -70.64315, -33.457973);
INSERT INTO coordenadas (estacion, longitud, latitud) VALUES ('irarrazaval', -70.627946, -33.454762);
INSERT INTO coordenadas (estacion, longitud, latitud) VALUES ('monsenor eyzaguirre', -70.613826, -33.453507);
INSERT INTO coordenadas (estacion, longitud, latitud) VALUES ('nunoa', -70.605515, -33.454277);
INSERT INTO coordenadas (estacion, longitud, latitud) VALUES ('chile-espana', -70.597308, -33.45515);
INSERT INTO coordenadas (estacion, longitud, latitud) VALUES ('villa frei', -70.581595, -33.454856);
INSERT INTO coordenadas (estacion, longitud, latitud) VALUES ('plaza egana', -70.571569, -33.45345);
INSERT INTO coordenadas (estacion, longitud, latitud) VALUES ('fernando castillo velasco', -70.558266, -33.45231);
INSERT INTO coordenadas (estacion, longitud, latitud) VALUES ('cristobal colon', -70.591152772, -33.4263050417);
INSERT INTO coordenadas (estacion, longitud, latitud) VALUES ('francisco bilbao', -70.5846017588, -33.431954829);
INSERT INTO coordenadas (estacion, longitud, latitud) VALUES ('principe de gales', -70.5737705717, -33.4379569188);
INSERT INTO coordenadas (estacion, longitud, latitud) VALUES ('simon bolivar', -70.5716075746, -33.4480174982);
INSERT INTO coordenadas (estacion, longitud, latitud) VALUES ('los orientales', -70.573881635, -33.4625241485);
INSERT INTO coordenadas (estacion, longitud, latitud) VALUES ('grecia', -70.576492012, -33.4696186488);
INSERT INTO coordenadas (estacion, longitud, latitud) VALUES ('los presidentes', -70.5786516893, -33.479870172);
INSERT INTO coordenadas (estacion, longitud, latitud) VALUES ('quilin', -70.5803542757, -33.4882359056);
INSERT INTO coordenadas (estacion, longitud, latitud) VALUES ('las torres', -70.5863649467, -33.4988819111);
INSERT INTO coordenadas (estacion, longitud, latitud) VALUES ('macul', -70.5899928911, -33.5092230156);
INSERT INTO coordenadas (estacion, longitud, latitud) VALUES ('vicente valdes', -70.596748, -33.526559);
INSERT INTO coordenadas (estacion, longitud, latitud) VALUES ('rojas magallanes', -70.5926103657, -33.5361679941);
INSERT INTO coordenadas (estacion, longitud, latitud) VALUES ('trinidad', -70.5878865189, -33.5465810871);
INSERT INTO coordenadas (estacion, longitud, latitud) VALUES ('san jose de la estrella', -70.5865360399, -33.5533554017);
INSERT INTO coordenadas (estacion, longitud, latitud) VALUES ('los quillayes', -70.5851770833, -33.5613327566);
INSERT INTO coordenadas (estacion, longitud, latitud) VALUES ('elisa correa', -70.5837448005, -33.5694653545);
INSERT INTO coordenadas (estacion, longitud, latitud) VALUES ('hospital sotero del rio', -70.5821759114, -33.5771017395);
INSERT INTO coordenadas (estacion, longitud, latitud) VALUES ('protectora de la infancia', -70.5797935169, -33.5897537099);
INSERT INTO coordenadas (estacion, longitud, latitud) VALUES ('las mercedes', -70.5775951411, -33.6007205794);
INSERT INTO coordenadas (estacion, longitud, latitud) VALUES ('plaza de puente alto', -70.5757546477, -33.6104627332);
INSERT INTO coordenadas (estacion, longitud, latitud) VALUES ('vicuna mackenna', -70.596173, -33.519778);
INSERT INTO coordenadas (estacion, longitud, latitud) VALUES ('santa julia', -70.6054880039, -33.53116125);
INSERT INTO coordenadas (estacion, longitud, latitud) VALUES ('la granja', -70.6160506476, -33.5411913223);
INSERT INTO coordenadas (estacion, longitud, latitud) VALUES ('santa rosa', -70.6340939802, -33.5424495036);
INSERT INTO coordenadas (estacion, longitud, latitud) VALUES ('san ramon', -70.651247929, -33.5400086732);
INSERT INTO coordenadas (estacion, longitud, latitud) VALUES ('plaza de maipu', -70.7572698234, -33.5106376657);
INSERT INTO coordenadas (estacion, longitud, latitud) VALUES ('santiago bueras', -70.7574300634, -33.496415092);
INSERT INTO coordenadas (estacion, longitud, latitud) VALUES ('del sol', -70.7527345359, -33.4898370035);
INSERT INTO coordenadas (estacion, longitud, latitud) VALUES ('monte tabor', -70.7453727989, -33.4821161369);
INSERT INTO coordenadas (estacion, longitud, latitud) VALUES ('las parcelas', -70.7414908906, -33.4773557137);
INSERT INTO coordenadas (estacion, longitud, latitud) VALUES ('laguna sur', -70.7377993675, -33.4628779993);
INSERT INTO coordenadas (estacion, longitud, latitud) VALUES ('barrancas', -70.7390024344, -33.4529977764);
INSERT INTO coordenadas (estacion, longitud, latitud) VALUES ('pudahuel', -70.7405987919, -33.4449744968);
INSERT INTO coordenadas (estacion, longitud, latitud) VALUES ('lo prado', -70.7159129966, -33.44329548);
INSERT INTO coordenadas (estacion, longitud, latitud) VALUES ('blanqueado', -70.7072627674, -33.4414864788);
INSERT INTO coordenadas (estacion, longitud, latitud) VALUES ('gruta de lourdes', -70.6917116963, -33.4384028009);
INSERT INTO coordenadas (estacion, longitud, latitud) VALUES ('quinta normal', -70.680187867, -33.4404094483);
INSERT INTO coordenadas (estacion, longitud, latitud) VALUES ('cumming', -70.668541584, -33.4391645841);
INSERT INTO coordenadas (estacion, longitud, latitud) VALUES ('bellas artes', -70.6450213229, -33.436680607);
INSERT INTO coordenadas (estacion, longitud, latitud) VALUES ('parque bustamante', -70.6315473827, -33.4428033737);
INSERT INTO coordenadas (estacion, longitud, latitud) VALUES ('santa isabel', -70.6304176391, -33.44713023);
INSERT INTO coordenadas (estacion, longitud, latitud) VALUES ('nuble', -70.6247134504, -33.46740043);
INSERT INTO coordenadas (estacion, longitud, latitud) VALUES ('rodrigo de araya', -70.6223002472, -33.4775901468);
INSERT INTO coordenadas (estacion, longitud, latitud) VALUES ('carlos valdovinos', -70.6190938371, -33.4864718748);
INSERT INTO coordenadas (estacion, longitud, latitud) VALUES ('camino agricola', -70.6174987351, -33.4918474779);
INSERT INTO coordenadas (estacion, longitud, latitud) VALUES ('san joaquin', -70.6163333506, -33.4969056062);
INSERT INTO coordenadas (estacion, longitud, latitud) VALUES ('pedrero', -70.6124268393, -33.5080473296);
INSERT INTO coordenadas (estacion, longitud, latitud) VALUES ('mirador', -70.6062000679, -33.5131545696);
INSERT INTO coordenadas (estacion, longitud, latitud) VALUES ('bellavista de la florida', -70.5993483297, -33.5204449009);
INSERT INTO coordenadas (estacion, longitud, latitud) VALUES ('cerrillos', -70.693665, -33.483631);
INSERT INTO coordenadas (estacion, longitud, latitud) VALUES ('lo valledor', -70.680244, -33.478607);
INSERT INTO coordenadas (estacion, longitud, latitud) VALUES ('pedro aguirre cerda', -70.665001, -33.47847);
INSERT INTO coordenadas (estacion, longitud, latitud) VALUES ('bio bio', -70.6418, -33.476822);
INSERT INTO coordenadas (estacion, longitud, latitud) VALUES ('estadio nacional', -70.607109, -33.46199);
INSERT INTO coordenadas (estacion, longitud, latitud) VALUES ('ines de suarez', -70.607399, -33.438011);
